<?xml version="1.0" encoding="UTF-8"?>
<!DOCTYPE generatorConfiguration
        PUBLIC "-//mybatis.org//DTD MyBatis Generator Configuration 1.0//EN"
        "http://mybatis.org/dtd/mybatis-generator-config_1_0.dtd">

<generatorConfiguration>
    <properties resource="application-dev.properties"/>

    <context id="Mysql" targetRuntime="MyBatis3Simple" defaultModelType="flat">
        <property name="beginningDelimiter" value="`"/>
        <property name="endingDelimiter" value="`"/>

        <plugin type="tk.mybatis.mapper.generator.MapperPlugin">
            <property name="mappers" value="tk.mybatis.springboot.util.MyMapper"/>
        </plugin>

        <jdbcConnection driverClass="${spring.datasource.driver-class-name}"
                        connectionURL="${spring.datasource.url}"
                        userId="${spring.datasource.username}"
                        password="${spring.datasource.password}">
        </jdbcConnection>

        <javaModelGenerator targetPackage="tk.mybatis.springboot.model" targetProject="src/main/java"/>

        <sqlMapGenerator targetPackage="mapper" targetProject="src/main/resources"/>

        <javaClientGenerator targetPackage="tk.mybatis.springboot.mapper" targetProject="src/main/java"
                             type="XMLMAPPER"/>

        <table tableName="country">
            <!--mysql 配置-->
            <generatedKey column="id" sqlStatement="Mysql" identity="true"/>
            <!--oracle 配置-->
            <!--<generatedKey column="id" sqlStatement="select SEQ_{1}.nextval from dual" identity="false" type="pre"/>-->
        </table>
    </context>
</generatorConfiguration>